10,253,133,pig_full.png,532,722
8,254,248,pig_full.png,532,722
4,261,398,pig_full.png,532,722
203,152,381,pig_full.png,532,722
423,356,395,pig_full.png,532,722
155,174,282,pig_full.png,532,722
33,143,265,pig_full.png,532,722
159,157,256,pig_full.png,532,722
145,149,285,pig_full.png,532,722
362,334,284,pig_full.png,532,722
263,364,266,pig_full.png,532,722
386,350,254,pig_full.png,532,722
374,359,282,pig_full.png,532,722
67,169,151,pig_full.png,532,722
54,103,251,pig_full.png,532,722
297,349,156,pig_full.png,532,722
284,409,256,pig_full.png,532,722
61,198,460,pig_full.png,532,722
291,326,464,pig_full.png,532,722
12,253,462,pig_full.png,532,722
14,260,517,pig_full.png,532,722
234,84,346,pig_full.png,532,722
454,428,346,pig_full.png,532,722
152,259,580,pig_full.png,532,722
172,88,450,pig_full.png,532,722
397,425,464,pig_full.png,532,722